task_id,recovered,any_defect,sig_empty,constraints_defect,truncated,violations
HumanEval/0,True,True,True,False,False,"- Code does not contain a function definition for 'has_close_elements'. Found: 'def are_numbers_close(numbers, threshold):\n    """"""\n    Determine if any two numb'"
HumanEval/2,True,True,True,False,False,"- Code does not contain a function definition for 'truncate_number'. Found: 'def get_decimal_part(number):\n    """"""\n    Given a positive floating point number'"
HumanEval/4,True,True,True,False,False,"- Code does not contain a function definition for 'mean_absolute_deviation'. Found: 'def calculate_mad(numbers):\n    """"""\n    Calculate the Mean Absolute Deviation (M'"
HumanEval/10,False,True,True,False,False,"- Code does not contain a function definition for 'make_palindrome'. Found: 'def is_palindrome(string):\n    """"""\n    Test if a given string is a palindrome.\n\n'"
HumanEval/11,True,True,True,False,False,"- Code does not contain a function definition for 'string_xor'. Found: 'def binary_xor(a: str, b: str) -> str:\n    """"""\n    Perform binary XOR operation '"
HumanEval/13,True,True,True,False,False,"- Code does not contain a function definition for 'greatest_common_divisor'. Found: 'def gcd(a, b):\n    """"""\n    Return the greatest common divisor (GCD) of two integ'"
HumanEval/20,True,True,True,False,False,"- Code does not contain a function definition for 'find_closest_elements'. Found: 'from typing import List, Tuple\n\ndef find_closest_pair(numbers: List[float]) -> T'"
HumanEval/21,True,True,True,False,False,"- Code does not contain a function definition for 'rescale_to_unit'. Found: 'def scale_to_unit(numbers):\n    """"""\n    Scale a list of numbers such that the sm'"
HumanEval/24,True,False,,,,- The function signature does not match the specification. The function signature should be `def largest_divisor(n: int) -> int:` instead of `def largest_divisor('`.
HumanEval/25,False,True,True,False,False,"- Code does not contain a function definition for 'factorize'. Found: 'def prime_factors(n):\n    if n <= 1:\n        raise ValueError(""Input must be a p'"
HumanEval/32,False,False,,,,"- Code does not contain a function definition for 'find_zero'. Found: 'def evaluate_polynomial(xs, x):\n    """"""\n    Evaluates a polynomial with given co'"
HumanEval/35,False,False,,,,"- Code does not contain a function definition for 'max_element'. Found: 'def find_maximum_element(l):\n    """"""\n    Return the maximum element in the given'"
HumanEval/36,False,True,True,False,False,- Code does not contain a function definition for 'fizz_buzz'. Found: 'def count_sevens(n):\n    if n <= 0:\n        return 0\n    \n    count = 0\n    for '
HumanEval/38,False,False,,,,"- Code does not contain a function definition for 'decode_cyclic'. Found: 'def encode_cyclic(s):\n    # If the string is empty, return an empty string\n    i'"
HumanEval/39,False,True,True,False,False,"- Code does not contain a function definition for 'prime_fib'. Found: 'def is_prime(num):\n    """"""Check if a number is prime.""""""\n    if num <= 1:\n      '"
HumanEval/40,True,True,True,False,False,"- Code does not contain a function definition for 'triples_sum_to_zero'. Found: 'from itertools import combinations\n\ndef has_three_sum_zero(l):\n    """"""\n    Deter'"
HumanEval/44,True,True,True,False,False,"- Code does not contain a function definition for 'change_base'. Found: 'def convert_to_base(x, base):\n    if base >= 10:\n        raise ValueError(""Base '"
HumanEval/45,True,True,True,False,False,"- Code does not contain a function definition for 'triangle_area'. Found: 'def calculate_triangle_area(a, h):\n    """"""\n    Calculate the area of a triangle '"
HumanEval/47,True,True,True,False,False,"- Code does not contain a function definition for 'median'. Found: 'def find_median(l):\n    """"""\n    Return the median of the elements in the list `l'"
HumanEval/50,True,False,,,,"- Code does not contain a function definition for 'decode_shift'. Found: 'def encode_shift(s):\n    """"""\n    Encodes a string by shifting each character by '"
HumanEval/52,False,True,True,False,False,"- Code does not contain a function definition for 'below_threshold'. Found: 'def all_elements_below_threshold(l, t):\n    """"""\n    Determine if all elements in'"
HumanEval/54,False,False,,,,"- Code does not contain a function definition for 'same_chars'. Found: 'def have_same_characters(s0: str, s1: str) -> bool:\n    """"""\n    Check if two wor'"
HumanEval/57,False,True,True,False,False,"- Code does not contain a function definition for 'monotonic'. Found: 'def is_monotonic(l):\n    """"""\n    Determine if a list of numbers is monotonically'"
HumanEval/58,False,True,True,False,False,"- Code does not contain a function definition for 'common'. Found: 'def find_common_elements(l1, l2):\n    """"""\n    Return a sorted list of unique com'"
HumanEval/60,True,True,True,False,False,"- Code does not contain a function definition for 'sum_to_n'. Found: 'def sum_of_integers(n):\n    """"""\n    Calculate the sum of all integers from 1 to '"
HumanEval/63,False,True,True,False,False,"- Code does not contain a function definition for 'fibfib'. Found: 'def fib_fib(n):\n    """"""\n    Compute the n-th element of the FibFib number sequen'"
HumanEval/65,False,False,,,,"- Code does not contain a function definition for 'circular_shift'. Found: 'def rotate_digits(x, shift):\n    # Convert the integer to a string to easily man'"
HumanEval/67,True,True,True,False,False,"- Code does not contain a function definition for 'fruit_distribution'. Found: 'def count_mangoes(s: str, n: int) -> int:\n    # Split the input string to extrac'"
HumanEval/69,False,True,True,False,False,- Code does not contain a function definition for 'search'. Found: 'from collections import Counter\n\ndef find_greatest_integer(lst):\n    # Count the'
HumanEval/71,False,True,True,False,False,"- Code does not contain a function definition for 'triangle_area'. Found: 'import math\n\ndef calculate_triangle_area(a, b, c):\n    # Check if the sides form'"
HumanEval/73,True,True,True,False,False,"- Code does not contain a function definition for 'smallest_change'. Found: 'def min_changes_to_palindrome(arr):\n    """"""\n    Find the minimum number of chang'"
HumanEval/75,False,False,,,,"- Code does not contain a function definition for 'is_multiply_prime'. Found: 'from math import sqrt\n\ndef is_product_of_three_distinct_primes(a):\n    """"""\n    D'"
HumanEval/77,False,True,True,False,False,"- Code does not contain a function definition for 'iscube'. Found: 'import math\n\ndef is_perfect_cube(a):\n    """"""\n    Determine if the given integer '"
HumanEval/81,False,True,True,False,False,"- Code does not contain a function definition for 'numerical_letter_grade'. Found: 'def grade_equation(grades):\n    """"""\n    Convert a list of numerical GPAs into th'"
HumanEval/82,False,True,True,False,False,"- Code does not contain a function definition for 'prime_length'. Found: 'def is_prime_length(string):\n    """"""\n    Determine if the length of a given stri'"
HumanEval/83,False,False,,,,- Code does not contain a function definition for 'starts_one_ends'. Found: 'def count_numbers_start_or_end_with_one(n):\n    if n <= 0:\n        raise ValueEr'
HumanEval/84,False,True,True,False,False,- Code does not contain a function definition for 'solve'. Found: 'def sum_of_digits_in_binary(N):\n    # Convert the number to a string to iterate '
HumanEval/85,False,True,True,False,False,"- Code does not contain a function definition for 'add'. Found: 'def sum_even_elements_at_odd_indices(lst):\n    """"""\n    Calculate the sum of even'"
HumanEval/92,False,True,True,False,False,"- Code does not contain a function definition for 'any_int'. Found: 'def is_sum_of_others(x, y, z):\n    # Check if all inputs are integers\n    if not'"
HumanEval/94,False,True,True,False,False,- Code does not contain a function definition for 'skjkasdkd'. Found: 'from math import sqrt\n\ndef sum_of_digits_of_largest_prime(lst):\n    def is_prime'
HumanEval/96,False,True,True,False,False,"- Code does not contain a function definition for 'count_up_to'. Found: 'from math import sqrt\n\ndef find_primes_less_than(n):\n    """"""\n    Returns a list '"
HumanEval/97,False,True,True,False,False,"- Code does not contain a function definition for 'multiply'. Found: 'def product_of_unit_digits(a, b):\n    # Get the absolute value of the unit digit'"
HumanEval/99,True,True,True,False,False,"- Code does not contain a function definition for 'closest_integer'. Found: 'def round_away_from_zero(value: str) -> int:\n    """"""\n    Rounds a string represe'"
HumanEval/100,False,True,True,False,False,"- Code does not contain a function definition for 'make_a_pile'. Found: 'def build_stone_pile(n):\n    """"""\n    Given a positive integer n, create a pile o'"
HumanEval/102,False,True,True,False,False,"- Code does not contain a function definition for 'choose_num'. Found: 'def biggest_even_in_range(x, y):\n    # Check if the range is valid\n    if x > y:'"
HumanEval/103,False,True,True,False,False,"- Code does not contain a function definition for 'rounded_avg'. Found: 'def average_to_binary(n, m):\n    # Check if n is greater than m\n    if n > m:\n  '"
HumanEval/107,False,True,True,False,False,- Code does not contain a function definition for 'even_odd_palindrome'. Found: 'def count_even_odd_palindromes(n):\n    def is_palindrome(num):\n        return st'
HumanEval/109,False,True,True,False,False,"- Code does not contain a function definition for 'move_one_ball'. Found: 'def can_sort_by_right_shifts(arr):\n    """"""\n    Determine if it is possible to so'"
HumanEval/110,False,True,True,False,False,"- Code does not contain a function definition for 'exchange'. Found: 'def can_make_all_even(lst1, lst2):\n    # Check if there are enough even numbers '"
HumanEval/115,False,False,,,,"- Code does not contain a function definition for 'max_fill'. Found: 'def min_bucket_lowerings(grid, capacity):\n    """"""\n    Calculate the minimum numb'"
HumanEval/119,False,True,True,False,False,- Code does not contain a function definition for 'match_parens'. Found: 'def can_concatenate_to_balanced(lst):\n    # Check if the input list contains exa'
HumanEval/120,False,False,,,,"- Code does not contain a function definition for 'maximum'. Found: 'from typing import List\n\ndef find_k_largest_numbers(arr: List[int], k: int) -> L'"
HumanEval/121,False,True,True,False,False,"- Code does not contain a function definition for 'solution'. Found: 'def sum_odd_elements_at_even_indices(lst):\n    """"""\n    Given a non-empty list of'"
HumanEval/122,True,True,True,False,False,"- Code does not contain a function definition for 'add_elements'. Found: 'def sum_of_small_numbers(arr, k):\n    """"""\n    Calculate the sum of elements with'"
HumanEval/127,False,False,,,,"- Code does not contain a function definition for 'intersection'. Found: 'from math import sqrt\n\ndef is_prime(n):\n    """"""Check if a number is prime.""""""\n  '"
HumanEval/129,False,True,True,False,False,"- Code does not contain a function definition for 'minPath'. Found: 'from typing import List\n\ndef find_min_path(grid: List[List[int]], k: int) -> Lis'"
HumanEval/131,False,True,True,False,False,"- Code does not contain a function definition for 'digits'. Found: 'def product_of_odd_digits(n):\n    """"""\n    Calculate the product of the odd digit'"
HumanEval/133,False,True,True,False,False,"- Code does not contain a function definition for 'sum_squares'. Found: 'import math\n\ndef sum_of_ceiling_squares(lst):\n    """"""\n    Calculate the sum of t'"
HumanEval/137,False,True,True,False,False,"- Code does not contain a function definition for 'compare_one'. Found: 'def compare_real_numbers(a, b):\n    def parse_number(value):\n        if isinstan'"
HumanEval/138,False,True,True,False,False,- Code does not contain a function definition for 'is_equal_to_sum_even'. Found: 'def can_be_sum_of_four_evens(n):\n    # The smallest sum of four positive even nu'
HumanEval/139,False,True,True,False,False,"- Code does not contain a function definition for 'special_factorial'. Found: 'def brazilian_factorial(n):\n    """"""\n    Calculate the Brazilian factorial of a g'"
HumanEval/141,True,False,,,,- Code does not contain a function definition for 'file_name_check'. Found: 'def is_valid_file_name(file_name):\n    # Check for empty input\n    if not file_n'
HumanEval/142,False,False,,,,"- Code does not contain a function definition for 'sum_squares'. Found: 'def calculate_sum(lst):\n    """"""\n    Calculate the sum of squares of elements at '"
HumanEval/143,False,True,True,False,False,"- Code does not contain a function definition for 'words_in_sentence'. Found: 'from math import sqrt\n\ndef is_prime(n):\n    """"""Check if a number is prime.""""""\n  '"
HumanEval/144,False,False,,,,"- Code does not contain a function definition for 'simplify'. Found: 'from fractions import Fraction\n\ndef is_product_whole_number(x, n):\n    """"""\n    D'"
HumanEval/147,False,True,True,False,False,- Code does not contain a function definition for 'get_max_triples'. Found: 'def count_valid_triples(n):\n    # Initialize counts for remainders when divided '
HumanEval/148,False,True,True,False,False,"- Code does not contain a function definition for 'bf'. Found: 'def planets_between(planet1, planet2):\n    # List of planets in order from the S'"
HumanEval/150,False,False,,,,"- Code does not contain a function definition for 'x_or_y'. Found: 'def is_prime(n):\n    """"""Check if a number is prime.""""""\n    if n <= 1:\n        re'"
HumanEval/151,False,True,True,False,False,"- Code does not contain a function definition for 'double_the_difference'. Found: 'def sum_of_squares_odd_non_negative(lst):\n    """"""\n    Calculate the sum of squar'"
HumanEval/152,True,True,True,False,False,"- Code does not contain a function definition for 'compare'. Found: 'def calculate_differences(game, guess):\n    """"""\n    Calculate the absolute diffe'"
HumanEval/153,False,True,False,True,True,"- Code does not contain a function definition for 'Strongest_Extension'. Found: 'def calculate_average(numbers):\n    """"""\n    Calculate the average of a list of n'"
HumanEval/154,True,True,True,False,False,"- Code does not contain a function definition for 'cycpattern_check'. Found: 'def is_rotation_substring(a: str, b: str) -> bool:\n    """"""\n    Determine if the '"
HumanEval/155,False,False,,,,- Code does not contain a function definition for 'even_odd_count'. Found: 'def count_even_odd_digits(num):\n    # Convert the number to a string to iterate '
HumanEval/157,False,True,True,False,False,"- Code does not contain a function definition for 'right_angle_triangle'. Found: 'import math\n\ndef is_right_angled_triangle(a, b, c):\n    """"""\n    Determine if the'"
HumanEval/159,False,True,True,False,False,"- Code does not contain a function definition for 'eat'. Found: 'def calculate_carrots_eaten_and_left(number, need, remaining):\n    # Calculate t'"
HumanEval/160,False,True,True,False,False,"- Code does not contain a function definition for 'do_algebra'. Found: 'def evaluate_expression(operator, operand):\n    if len(operator) != len(operand)'"
HumanEval/163,False,False,,,,"- Code does not contain a function definition for 'generate_integers'. Found: 'def even_digits_between(a, b):\n    # Ensure a is less than or equal to b for the'"
